image_name,class,confidence,x1,y1,x2,y2
IMG3.jpg,umbrella,0.4252,425.6,11.8,639.76,251.47
IMG5.jpg,vase,0.3765,72.91,28.56,462.02,347.73
IMG8.jpg,vase,0.3765,72.91,28.56,462.02,347.73
IMG9.jpg,potted plant,0.2867,26.54,23.75,433.39,423.1
image1.jpg,dog,0.9269,61.72,13.13,384.78,344.05
image10.jpg,bird,0.449,259.12,90.45,374.96,191.5
image10.jpg,bird,0.3664,92.13,91.91,374.3,362.91
image11.jpg,airplane,0.8983,56.39,80.81,637.51,261.08
image12.jpg,car,0.9325,146.95,53.81,521.66,258.19
image2.jpg,cat,0.8575,8.6,48.05,797.1,800.0
image3.jpg,bird,0.2565,264.66,104.42,566.58,325.79
image4.jpg,bird,0.4221,83.22,0.0,717.43,400.94
image5.jpg,cup,0.9656,224.1,113.65,552.09,389.23
image5.jpg,mouse,0.4377,24.98,280.27,221.42,342.81
image6.jpg,person,0.6273,32.66,17.19,160.83,142.83
image7.jpg,dog,0.5566,58.09,4.45,231.84,146.43
image8.jpg,bird,0.347,127.94,20.19,403.28,321.32
